"id","name"
"ed_yr_1",2000
"ed_yr_2",2001
"ed_yr_3",2002
"ed_yr_4",2003
"ed_yr_5",2004
"ed_yr_6",2005
"ed_yr_7",2006
"ed_yr_8",2007
"ed_yr_9",2008
"ed_yr_10",2009
"ed_yr_11",2010
"ed_yr_12",2011
"ed_yr_13",2012
"ed_yr_14",2013
"ed_yr_15",2014
"ed_yr_16",2015
"ed_yr_17",2016
"ed_yr_18",2017
"ed_yr_19",2018
"ed_yr_20",2019
"ed_yr_21",2020
"ed_yr_22",2021
"ed_yr_23",2022
"ed_yr_24",2023
"ed_yr_25",2024
"ed_yr_26",2025
"ed_yr_27",2026
"ed_yr_28",2027
"ed_yr_29",2028
"ed_yr_30",2029
"ed_yr_31",2030
"ed_yr_32",2031
"ed_yr_33",2032
"ed_yr_34",2033
"ed_yr_35",2034
"ed_yr_36",2035
"ed_yr_37",2036
"ed_yr_38",2037
"ed_yr_39",2038
"ed_yr_40",2039
"ed_yr_41",2040
"ed_yr_42",2041
"ed_yr_43",2042
"ed_yr_44",2043
"ed_yr_45",2044
"ed_yr_46",2045
"ed_yr_47",2046
"ed_yr_48",2047
"ed_yr_49",2048
"ed_yr_50",2049
"ed_yr_51",2050
